,City,Country,Lat,Lng,Max Temp,Humidity,Cloudiness,Wind Speed,Current Description
0,Bluff,-46.6,168.3333,64.8,66,100,14.05,NZ,moderate rain
1,Souillac,-20.5167,57.5167,77.38,83,40,6.91,MU,scattered clouds
2,Letnyaya Stavka,45.4306,43.4472,58.96,72,100,6.73,RU,overcast clouds
3,Vaini,-21.2,-175.2,77.16,94,100,9.22,TO,light intensity drizzle
4,Cape Town,-33.9258,18.4232,60.91,79,0,4.61,ZA,clear sky
5,Busselton,-33.65,115.3333,54.99,87,0,5.82,AU,clear sky
6,Katangli,51.7102,143.2326,30.07,98,100,5.99,RU,light snow
7,Nanortalik,60.1432,-45.2371,38.01,84,98,1.14,GL,overcast clouds
8,Fortuna,40.5982,-124.1573,56.66,85,100,9.22,US,overcast clouds
9,Dikson,73.5069,80.5464,16.43,94,100,18.54,RU,light snow
10,Mehamn,71.0357,27.8492,28.35,86,75,9.22,NO,light snow
11,Hualmay,-11.0964,-77.6139,70.93,75,71,9.86,PE,broken clouds
12,Ushuaia,-54.8,-68.3,40.66,87,0,3.44,AR,clear sky
13,Chokurdakh,70.6333,147.9167,12.56,94,31,7.94,RU,scattered clouds
14,Muros,42.7762,-9.0603,61.09,91,1,2.21,ES,clear sky
15,Mar Del Plata,-38.0023,-57.5575,57.22,56,0,11.5,AR,clear sky
16,Provideniya,64.3833,-173.3,30.7,91,100,15.73,RU,light snow
17,Tigil,57.8,158.6667,26.82,96,94,1.79,RU,overcast clouds
18,Longyearbyen,78.2186,15.6401,12.04,57,0,4.61,SJ,clear sky
19,Faanui,-16.4833,-151.75,81.3,72,9,15.73,PF,light rain
20,Kavieng,-2.5744,150.7967,81.41,75,100,3.18,PG,light rain
21,Vila Velha,-20.3297,-40.2925,84.15,79,20,9.22,BR,few clouds
22,Shimoda,34.6667,138.95,52.11,67,100,6.17,JP,overcast clouds
23,Clyde River,70.4692,-68.5914,16.03,86,100,6.91,CA,overcast clouds
24,Arraial Do Cabo,-22.9661,-42.0278,76.86,78,75,5.75,BR,broken clouds
25,Rikitea,-23.1203,-134.9692,75.92,76,51,12.15,PF,moderate rain
26,Kodiak,57.79,-152.4072,37.74,98,100,28.54,US,moderate rain
27,Cockburn Town,21.4612,-71.1419,82.36,57,40,17.27,TC,scattered clouds
28,Sibu,2.3,111.8167,77.31,88,40,2.3,MY,scattered clouds
29,Auki,-8.7676,160.7034,78.67,84,100,0.83,SB,overcast clouds
30,Brod,45.1375,17.9897,53.65,87,7,3.87,BA,clear sky
31,Barrow,71.2906,-156.7887,17.62,79,20,13.8,US,haze
32,Yellowknife,62.456,-114.3525,34.32,47,0,5.75,CA,clear sky
33,Lavrentiya,65.5833,-171.0,25.86,87,100,15.26,RU,overcast clouds
34,Georgetown,5.4112,100.3354,82.35,89,20,3.44,MY,few clouds
35,Guerrero Negro,27.9769,-114.0611,68.47,57,80,15.28,MX,broken clouds
36,San Cristobal,7.7669,-72.225,84.38,82,100,6.49,VE,overcast clouds
37,Necochea,-38.5473,-58.7368,57.31,43,8,7.74,AR,clear sky
38,Berezovyy,51.6667,135.7,26.83,92,100,3.29,RU,overcast clouds
39,Mataura,-46.1927,168.8643,64.47,86,100,3.8,NZ,light rain
40,Thompson,55.7435,-97.8558,41.16,60,100,11.5,CA,overcast clouds
41,Carnarvon,-24.8667,113.6333,64.47,55,0,8.05,AU,clear sky
42,Jamestown,42.097,-79.2353,67.51,23,100,4.0,US,overcast clouds
43,Vardo,70.3705,31.1107,28.09,65,90,16.82,NO,light snow
44,Bredasdorp,-34.5322,20.0403,56.03,86,11,5.48,ZA,few clouds
45,Ndungu,-4.3667,38.05,71.69,87,100,3.58,TZ,overcast clouds
46,El Progreso,15.4,-87.8,94.75,46,40,11.5,HN,scattered clouds
47,Mahebourg,-20.4081,57.7,77.29,83,40,6.91,MU,scattered clouds
48,Norman Wells,65.282,-126.8329,44.64,53,0,11.5,CA,clear sky
49,Albany,42.6001,-73.9662,64.02,26,89,3.0,US,overcast clouds
50,Corrente,-3.7367,-43.3394,77.07,92,99,1.97,BR,overcast clouds
51,Burgersdorp,-30.9977,26.3286,50.36,50,0,7.25,ZA,clear sky
52,Santa Rosa,14.3122,121.1114,82.38,78,100,7.38,PH,overcast clouds
53,Tasiilaq,65.6145,-37.6368,34.11,63,10,0.56,GL,clear sky
54,Biak,-0.9131,122.8766,76.53,86,97,3.38,ID,overcast clouds
55,Saint George,37.1041,-113.5841,81.79,13,100,3.0,US,overcast clouds
56,Bria,6.5423,21.9863,74.14,80,100,3.47,CF,overcast clouds
57,Carbondale,37.7273,-89.2168,75.49,61,100,18.41,US,overcast clouds
58,Okha,53.5739,142.9478,30.38,98,100,4.52,RU,light snow
59,Hakkari,37.5833,44.1667,48.4,86,90,1.77,TR,light rain
60,Hobart,-42.8794,147.3294,57.06,73,100,5.75,AU,overcast clouds
61,Victoria,22.2855,114.1577,76.24,88,100,15.01,HK,light rain
62,Kushima,31.4583,131.2333,60.48,82,100,4.47,JP,overcast clouds
63,Ivrea,45.4672,7.8762,59.9,68,99,5.46,IT,overcast clouds
64,Ixtapa,20.7,-105.2,94.17,20,93,9.15,MX,overcast clouds
65,Los Llanos De Aridane,28.6585,-17.9182,64.15,80,20,13.8,ES,few clouds
66,Tiznit,29.5833,-9.5,70.02,36,0,4.41,MA,clear sky
67,Atlantis,-33.5667,18.4834,58.98,84,72,5.08,ZA,broken clouds
68,Deputatskiy,69.3,139.9,6.98,86,24,2.84,RU,few clouds
69,Huntsville,34.7304,-86.5861,81.39,61,100,14.97,US,overcast clouds
70,Jieshi,22.8134,115.8257,74.95,91,100,16.13,CN,overcast clouds
71,Bereda,43.2686,-7.5406,56.14,90,12,2.98,ES,few clouds
72,Kemijarvi,66.7131,27.4306,25.07,89,87,2.3,FI,overcast clouds
73,Qaqortoq,60.7167,-46.0333,41.13,74,40,2.37,GL,scattered clouds
74,Sao Joao Da Barra,-21.6403,-41.0511,77.09,79,12,11.07,BR,few clouds
75,Esna,25.2934,32.554,89.62,11,99,10.04,EG,overcast clouds
76,Kapaa,22.0752,-159.319,78.78,78,100,5.01,US,overcast clouds
77,Ilulissat,69.2167,-51.1,19.36,76,5,10.63,GL,clear sky
78,Hermanus,-34.4187,19.2345,58.93,86,79,3.0,ZA,broken clouds
79,Ostrovnoy,68.0531,39.5131,18.36,83,93,10.4,RU,overcast clouds
80,El Tular,18.1583,-93.35,99.36,36,17,7.67,MX,few clouds
81,Hilo,19.7297,-155.09,77.29,93,100,5.75,US,light rain
82,Mogzon,51.7435,111.9606,35.08,94,43,2.44,RU,scattered clouds
83,Arlit,18.7369,7.3853,92.88,7,100,6.44,NE,overcast clouds
84,Pevek,69.7008,170.3133,1.87,98,100,4.94,RU,overcast clouds
85,Punta Arenas,-53.15,-70.9167,44.71,76,40,9.22,CL,scattered clouds
86,Serenje,-13.2325,30.2352,56.61,87,3,4.52,ZM,clear sky
87,Palu,-0.8917,119.8707,76.23,93,98,3.38,ID,overcast clouds
88,Sagay,10.9447,123.4242,80.65,80,100,8.28,PH,overcast clouds
89,Talnakh,69.4865,88.3972,18.21,98,100,7.76,RU,overcast clouds
90,Saint-Philippe,-21.3585,55.7679,76.59,79,9,11.48,RE,clear sky
91,Mandali,33.7499,45.5541,79.81,31,93,3.47,IQ,overcast clouds
92,Natal,-5.795,-35.2094,84.42,65,20,16.11,BR,few clouds
93,Jalu,29.0331,21.5482,80.06,19,4,8.57,LY,clear sky
94,New Norfolk,-42.7826,147.0587,56.7,73,100,1.99,AU,overcast clouds
95,Atuona,-9.8,-139.0333,78.89,76,7,13.38,PF,clear sky
96,Amga,60.8953,131.9608,24.12,94,21,2.77,RU,few clouds
97,Diamantino,-14.4086,-56.4461,83.93,47,76,5.21,BR,broken clouds
98,Mahon,39.8885,4.2658,59.56,72,0,3.44,ES,clear sky
99,Saint-Pierre,-21.3393,55.4781,76.68,83,75,3.44,RE,broken clouds
100,Castro,-24.7911,-50.0119,67.35,86,43,1.05,BR,scattered clouds
101,Qaanaaq,77.484,-69.3632,16.54,76,89,4.25,GL,overcast clouds
102,Zhuhai,22.2769,113.5678,76.71,88,40,16.11,CN,scattered clouds
103,Narsaq,60.9167,-46.05,46.33,60,20,2.59,GL,few clouds
104,Delray Beach,26.4615,-80.0728,83.98,77,86,7.0,US,overcast clouds
105,Kaseda,31.4167,130.3167,60.64,82,100,14.58,JP,light rain
106,Randolph,35.7001,-79.8164,72.7,46,100,0.0,US,overcast clouds
107,Garden City,42.3256,-83.331,62.53,32,100,3.0,US,overcast clouds
108,Hitchin,51.9531,-0.2652,58.66,61,100,5.75,GB,overcast clouds
109,Kavaratti,10.5669,72.642,84.94,72,48,10.27,IN,scattered clouds
110,Statesboro,32.4488,-81.7832,84.0,24,0,4.61,US,clear sky
111,Tibu,8.639,-72.7358,90.99,51,99,3.83,CO,overcast clouds
112,Bambanglipuro,-7.95,110.2833,76.66,87,78,4.7,ID,broken clouds
113,Nanga Eboko,4.6833,12.3667,75.4,77,100,1.88,CM,light rain
114,Puerto Ayora,-0.7393,-90.3518,80.56,78,89,8.7,EC,overcast clouds
115,Namatanai,-3.6667,152.4333,78.31,83,78,3.04,PG,light rain
116,Gagarin,55.5529,34.9954,34.02,67,18,2.28,RU,few clouds
117,Laguna,38.421,-121.4238,81.14,38,40,5.01,US,scattered clouds
118,Albanel,48.8832,-72.4487,53.74,35,100,10.36,CA,overcast clouds
119,Husavik,66.0449,-17.3389,50.7,56,100,7.11,IS,overcast clouds
120,Beringovskiy,63.05,179.3167,24.85,92,100,17.81,RU,light snow
121,Port Alfred,-33.5906,26.891,58.17,81,1,1.99,ZA,clear sky
122,Rocha,-34.4833,-54.3333,58.86,68,100,1.43,UY,overcast clouds
123,Puerto Del Rosario,28.5004,-13.8627,67.75,83,20,12.66,ES,few clouds
124,Shenjiamen,29.9576,122.298,55.53,81,100,16.44,CN,overcast clouds
125,Tual,-5.6667,132.75,83.73,74,99,15.55,ID,overcast clouds
126,Nome,64.5011,-165.4064,45.1,57,100,8.28,US,light rain
127,Hambantota,6.1241,81.1185,81.25,85,100,14.29,LK,overcast clouds
128,Namibe,-15.1961,12.1522,74.95,81,38,7.36,AO,scattered clouds
129,Mamakan,57.8161,114.0028,37.47,97,100,2.89,RU,overcast clouds
130,Puerto Narino,-3.7703,-70.3831,82.65,81,67,0.58,CO,broken clouds
131,Tessalit,20.1986,1.0114,86.34,8,0,8.88,ML,clear sky
132,Melito Di Porto Salvo,37.9222,15.7714,64.29,39,75,3.44,IT,broken clouds
133,Upernavik,72.7868,-56.1549,19.26,71,74,3.18,GL,broken clouds
134,Nagornyy,52.7959,83.5498,57.31,48,34,6.71,RU,scattered clouds
135,Walvis Bay,-22.9575,14.5053,58.15,82,0,2.3,NA,clear sky
136,Atambua,-9.1061,124.8925,72.73,90,98,4.41,ID,overcast clouds
137,Saint-Joseph,-21.3667,55.6167,75.58,78,22,8.66,RE,few clouds
138,Lircay,-12.9896,-74.7205,58.46,51,69,8.48,PE,broken clouds
139,Tomatlan,19.9333,-105.25,90.45,27,99,10.29,MX,overcast clouds
140,Tuktoyaktuk,69.4541,-133.0374,30.2,80,20,9.22,CA,few clouds
141,Kaeo,-35.1,173.7833,60.67,86,76,5.95,NZ,broken clouds
142,Kozhevnikovo,56.2589,83.9714,44.26,82,100,12.48,RU,overcast clouds
143,Cherskiy,68.75,161.3,9.81,93,80,4.63,RU,broken clouds
144,Lebu,-37.6167,-73.65,53.96,65,2,15.28,CL,clear sky
145,Khatanga,71.9667,102.5,3.4,99,92,7.54,RU,overcast clouds
146,East London,-33.0153,27.9116,62.89,71,0,12.64,ZA,clear sky
147,Buala,-8.145,159.5921,79.86,80,100,1.41,SB,light rain
148,Avarua,-21.2078,-159.775,82.45,74,20,9.22,CK,few clouds
149,Port Blair,11.6667,92.75,82.74,72,61,3.15,IN,broken clouds
150,Chumikan,54.7183,135.315,28.45,93,100,1.03,RU,overcast clouds
151,Hadejia,12.4498,10.0444,91.33,22,73,1.81,NG,broken clouds
152,Steamboat Springs,40.485,-106.8317,56.93,38,0,5.75,US,clear sky
153,Kiruna,67.8557,20.2251,27.52,64,100,6.91,SE,overcast clouds
154,Bilma,18.6853,12.9164,95.68,8,62,5.73,NE,broken clouds
155,Yerbogachen,61.2767,108.0108,32.02,96,100,2.95,RU,overcast clouds
156,Ribeira Grande,38.5167,-28.7,64.8,77,20,10.36,PT,few clouds
157,Mackay,-21.15,149.2,68.68,94,10,5.75,AU,clear sky
158,Saskylakh,71.9167,114.0833,10.72,93,100,16.37,RU,overcast clouds
159,Taoudenni,22.6783,-3.9836,85.42,14,0,11.32,ML,clear sky
160,Mikumi,-7.4041,36.9831,67.93,90,92,2.86,TZ,overcast clouds
161,Bambous Virieux,-20.3428,57.7575,77.25,83,40,6.91,MU,scattered clouds
162,Brokopondo,4.75,-55.1667,84.0,65,77,4.27,SR,broken clouds
163,Ostersund,63.1792,14.6357,38.61,70,100,9.22,SE,overcast clouds
164,Hasaki,35.7333,140.8333,45.0,61,100,10.38,JP,overcast clouds
165,Hay River,60.8156,-115.7999,33.76,69,0,10.36,CA,clear sky
166,Matara,5.9485,80.5353,80.98,86,96,10.07,LK,overcast clouds
167,Cabo San Lucas,22.8909,-109.9124,85.6,55,63,8.97,MX,broken clouds
168,Usinsk,65.9939,57.5281,20.23,86,94,11.61,RU,overcast clouds
169,Murud,18.3258,72.965,81.48,78,0,2.44,IN,clear sky
170,Kampot,10.6167,104.1833,75.25,83,100,3.0,KH,overcast clouds
171,Puerto Colombia,10.9878,-74.9547,89.69,74,100,15.08,CO,overcast clouds
172,Ketchikan,55.3422,-131.6461,55.62,47,77,2.98,US,broken clouds
173,Nikolskoye,59.7035,30.7861,40.91,68,100,6.8,RU,overcast clouds
174,Fairbanks,64.8378,-147.7164,53.49,39,0,6.91,US,clear sky
175,La Asuncion,11.0333,-63.8628,76.73,94,56,20.71,VE,broken clouds
176,Bethel,41.3712,-73.414,65.05,35,43,5.01,US,scattered clouds
177,Montepuez,-13.1256,38.9997,68.0,83,74,3.33,MZ,broken clouds
178,Bogatyye Saby,56.0102,50.4483,37.98,91,100,6.8,RU,overcast clouds
179,Khuzdar,27.7384,66.6434,81.66,16,1,5.91,PK,clear sky
180,Key West,24.5557,-81.7826,80.01,67,5,11.86,US,clear sky
181,Hailar,49.2,119.7,31.69,47,61,3.13,CN,broken clouds
182,Butaritari,3.0707,172.7902,80.82,82,74,13.73,KI,broken clouds
183,Buchanan,5.8808,-10.0467,80.55,83,73,8.32,LR,broken clouds
184,Strezhevoy,60.7333,77.5889,25.38,78,0,1.23,RU,clear sky
185,Katsuura,35.1333,140.3,56.97,73,100,9.55,JP,overcast clouds
186,Ayan,56.45,138.1667,32.22,93,100,6.93,RU,overcast clouds
187,Atar,20.5169,-13.0499,86.92,9,5,7.65,MR,clear sky
188,Okahandja,-21.9833,16.9167,63.48,39,1,6.6,NA,clear sky
189,Pisco,-13.7,-76.2167,71.65,64,0,10.36,PE,clear sky
190,Havre,49.5833,0.3333,50.4,76,0,6.91,FR,clear sky
191,Nanning,22.8167,108.3167,64.85,91,100,7.65,CN,light rain
192,Bengkulu,-3.8004,102.2655,76.19,88,86,5.19,ID,moderate rain
193,Mahina,-17.5065,-149.489,82.17,65,40,5.75,PF,scattered clouds
194,Ascension,30.2169,-90.9001,89.08,50,75,8.05,US,broken clouds
195,Ponta Do Sol,32.6667,-17.1,68.72,69,0,2.17,PT,clear sky
196,Kouvola,60.8667,26.7,39.52,72,0,8.05,FI,clear sky
197,Boa Vista,2.8197,-60.6733,85.98,62,40,9.22,BR,scattered clouds
198,Bukachacha,52.9833,116.9167,35.65,71,100,2.71,RU,overcast clouds
199,Eenhana,-17.4667,16.3333,69.75,42,5,5.59,NA,clear sky
200,Margate,51.3813,1.3862,50.31,74,100,1.01,GB,overcast clouds
201,Esperance,-33.8667,121.9,55.24,69,0,6.64,AU,clear sky
202,Roncesvalles,4.0108,-75.6049,59.72,84,100,5.91,CO,overcast clouds
203,Lipin Bor,60.2622,37.9763,29.86,83,64,2.59,RU,broken clouds
204,Roura,4.7263,-52.3274,85.91,62,40,11.5,GF,scattered clouds
205,Barcelos,41.5388,-8.6151,62.69,89,1,3.58,PT,clear sky
206,Kununurra,-15.7667,128.7333,80.58,89,40,5.75,AU,scattered clouds
207,Herat,34.5,62.0,78.39,22,100,6.87,AF,overcast clouds
208,Shorapani,42.0898,43.0866,58.75,96,90,1.66,GE,overcast clouds
209,Garissa,-0.4536,39.6401,80.26,73,90,18.45,KE,overcast clouds
210,Bosobolo,4.1833,19.9,77.99,71,98,4.0,CD,overcast clouds
211,Teya,60.3778,92.6267,32.36,96,100,4.0,RU,overcast clouds
212,Airai,-8.9266,125.4092,59.67,84,87,3.02,TL,overcast clouds
213,Gushikawa,26.3544,127.8686,70.83,79,100,5.75,JP,overcast clouds
214,Porto Novo,6.4965,2.6036,82.22,78,85,6.53,BJ,overcast clouds
215,Saldanha,-33.0117,17.9442,57.25,87,8,12.15,ZA,clear sky
216,Guder,8.9667,37.7667,63.84,65,97,2.08,ET,overcast clouds
217,Mount Gambier,-37.8333,140.7667,55.31,100,100,9.22,AU,overcast clouds
218,San Patricio,28.017,-97.5169,86.16,62,95,16.4,US,overcast clouds
219,Lokosovo,61.1333,74.8167,21.56,88,5,5.1,RU,clear sky
220,Kyra,49.5776,111.9753,40.66,87,16,4.16,RU,few clouds
221,Boende,-0.2167,20.8667,73.58,83,12,0.47,CD,few clouds
222,Milkovo,54.7167,158.6167,30.63,81,43,2.66,RU,scattered clouds
223,San Juan Del Cesar,10.7711,-73.0031,92.35,49,100,2.1,CO,overcast clouds
224,Sambava,-14.2667,50.1667,75.79,89,20,9.22,MG,few clouds
225,Mananjary,-21.2167,48.3333,71.47,87,39,4.56,MG,scattered clouds
226,Kinshasa,-4.3246,15.3215,75.49,85,91,2.13,CD,overcast clouds
227,Ancud,-41.8697,-73.8203,52.0,80,100,6.89,CL,overcast clouds
228,Svetlyy,54.675,20.1347,48.25,70,100,8.41,RU,overcast clouds
229,Kahului,20.8947,-156.47,76.84,86,100,20.0,US,overcast clouds
230,Ludvika,60.1496,15.1878,46.33,53,84,3.4,SE,broken clouds
231,Adre,13.4667,22.2,86.13,11,40,5.46,TD,scattered clouds
232,Weyburn,49.6668,-103.8511,57.42,38,75,18.41,CA,broken clouds
233,Kodinar,20.7903,70.7031,81.99,82,0,12.19,IN,clear sky
234,Una,20.8167,71.0333,82.56,74,0,13.78,IN,clear sky
235,Vila Franca Do Campo,37.7167,-25.4333,63.01,80,16,4.09,PT,few clouds
236,Pelym,61.0108,61.9978,32.4,73,100,6.24,RU,overcast clouds
237,Mago,53.2514,140.1822,29.5,96,100,1.88,RU,overcast clouds
238,Quatre Cocos,-20.2078,57.7625,77.11,80,41,11.1,MU,scattered clouds
239,Dandong,40.1292,124.3947,42.89,35,7,1.16,CN,clear sky
240,Port Elizabeth,-33.918,25.5701,61.09,78,0,16.11,ZA,clear sky
241,Tandil,-37.3217,-59.1332,53.69,48,2,7.78,AR,clear sky
242,Codrington,-38.2667,141.9667,57.61,83,100,13.51,AU,overcast clouds
243,Northam,51.0333,-4.2167,49.66,74,100,2.95,GB,overcast clouds
244,Axim,4.8699,-2.2405,80.65,84,100,8.57,GH,overcast clouds
245,Ozernovskiy,51.5,156.5167,34.92,69,40,4.52,RU,scattered clouds
246,Ust-Shonosha,61.1531,41.343,27.03,83,13,4.59,RU,few clouds
247,Lata,40.1629,-8.3327,56.95,76,1,3.24,PT,clear sky
248,Kirakira,-10.4544,161.9205,80.24,80,100,2.04,SB,overcast clouds
249,Olafsvik,64.8945,-23.7142,44.74,86,97,16.26,IS,overcast clouds
250,Kawambwa,-9.7915,29.0791,61.75,87,54,3.91,ZM,broken clouds
251,Marsa Matruh,31.3525,27.2453,66.06,76,55,8.9,EG,broken clouds
252,Lompoc,34.6391,-120.4579,81.79,62,0,21.99,US,clear sky
253,Los Alamos,35.8881,-106.307,70.43,13,100,8.01,US,haze
254,Craig,40.5153,-107.5464,52.39,30,0,5.32,US,clear sky
255,Lagoa,39.05,-27.9833,60.98,87,0,10.51,PT,clear sky
256,Nouadhibou,20.931,-17.0347,65.32,85,98,25.39,MR,overcast clouds
257,Lima,-12.0432,-77.0282,68.25,68,0,10.36,PE,clear sky
258,Hithadhoo,-0.6,73.0833,85.32,68,100,14.65,MV,overcast clouds
259,Bubaque,11.2833,-15.8333,77.31,72,64,12.84,GW,broken clouds
260,Paka,4.6374,103.4368,77.74,91,96,4.45,MY,overcast clouds
261,Touros,-5.1989,-35.4608,80.98,71,15,15.46,BR,few clouds
262,Brawley,32.9787,-115.5303,96.39,6,7,2.44,US,clear sky
263,Sitka,57.0531,-135.33,52.43,48,87,1.68,US,overcast clouds
264,Cidreira,-30.1811,-50.2056,65.95,70,100,9.84,BR,overcast clouds
265,Ler,8.3018,30.1418,82.13,56,84,7.65,SS,broken clouds
266,Gasa,31.5,34.4667,63.88,88,0,12.5,PS,clear sky
267,Paamiut,61.994,-49.6678,33.01,93,77,14.52,GL,broken clouds
268,Xai-Xai,-25.0519,33.6442,73.09,78,99,19.3,MZ,overcast clouds
269,Berkakit,56.5807,124.7681,9.09,91,15,3.96,RU,few clouds
270,Barinitas,8.7622,-70.4111,83.68,95,100,2.37,VE,overcast clouds
271,Tautira,-17.7333,-149.15,79.92,75,58,14.34,PF,light rain
272,Tsagan Aman,47.5639,46.7218,55.47,35,44,8.21,RU,light rain
273,Martinsville,36.6915,-79.8725,61.18,82,100,4.61,US,overcast clouds
274,Meulaboh,4.1363,96.1285,78.53,87,100,0.78,ID,overcast clouds
275,Palmer,42.1584,-72.3287,62.2,31,100,3.0,US,overcast clouds
276,Kaitangata,-46.2817,169.8464,50.32,84,100,5.82,NZ,overcast clouds
277,Karatuzskoye,53.6072,92.8667,51.28,65,49,3.53,RU,scattered clouds
278,Calvinia,-31.4707,19.776,56.41,42,29,3.98,ZA,scattered clouds
279,Tall Kayf,37.0833,41.0667,66.54,81,100,5.48,TR,moderate rain
280,Viedma,-40.8135,-62.9967,60.84,30,81,12.57,AR,broken clouds
281,San Juan,-31.5375,-68.5364,68.74,25,0,11.79,AR,clear sky
282,Adrar,20.5022,-10.0711,83.26,10,0,7.67,MR,clear sky
283,Aswan,24.0934,32.907,88.99,9,25,12.44,EG,scattered clouds
284,Saint-Maximin-La-Sainte-Baume,43.4521,5.8622,66.47,65,1,3.47,FR,clear sky
285,Kostomuksha,64.571,30.5767,23.83,94,87,2.93,RU,overcast clouds
286,Aksu,41.1231,80.2644,62.15,19,100,5.37,CN,overcast clouds
287,Faya,18.3851,42.4509,68.04,36,17,11.9,SA,few clouds
288,Barranca,-10.75,-77.7667,69.73,75,59,9.04,PE,broken clouds
289,Chiredzi,-21.05,31.6667,68.43,49,1,1.99,ZW,clear sky
290,Hamilton,39.1834,-84.5333,72.72,73,100,5.01,US,overcast clouds
291,Surab,28.4914,66.2585,72.05,16,5,4.52,PK,clear sky
292,Kluang,2.0251,103.3328,75.18,95,28,1.25,MY,scattered clouds
293,Lodja,-3.4833,23.4333,73.85,85,95,1.95,CD,overcast clouds
294,Wasilla,61.5814,-149.4394,50.36,53,100,5.99,US,overcast clouds
295,Emba,48.8264,58.1442,56.88,66,100,17.11,KZ,overcast clouds
296,Nizwa,22.9333,57.5333,85.1,35,40,3.47,OM,scattered clouds
297,Ginda,30.6945,78.4932,61.72,35,10,8.39,IN,clear sky
298,Santa Rosalia,27.3167,-112.2833,74.82,32,36,7.45,MX,scattered clouds
299,Vila,42.0304,-8.1588,54.7,52,5,2.42,PT,clear sky
300,Itoigawa,37.0333,137.85,51.31,86,100,4.74,JP,overcast clouds
301,Waw,7.7029,27.9953,83.21,50,58,7.18,SS,broken clouds
302,Acarau,-2.8856,-40.12,80.65,85,16,8.61,BR,few clouds
303,Boden,65.8252,21.6886,35.6,96,85,1.28,SE,overcast clouds
304,Lampitak,6.4322,125.0525,66.79,95,63,0.63,PH,broken clouds
305,Varna,43.2167,27.9167,52.88,91,8,3.44,BG,light rain
306,Presidencia Roque Saenz Pena,-26.7852,-60.4388,72.07,59,100,6.35,AR,overcast clouds
307,Moberly,39.4184,-92.4382,67.98,57,75,24.16,US,broken clouds
308,Amahai,-3.3333,128.9167,78.64,85,13,3.91,ID,few clouds
309,Santa Luzia,-19.7697,-43.8514,77.05,45,49,7.72,BR,scattered clouds
310,Uarini,-2.99,-65.1083,77.31,84,99,2.15,BR,overcast clouds
311,Mecca,21.4267,39.8261,87.94,48,0,2.82,SA,clear sky
312,Puerto Escondido,15.85,-97.0667,88.14,54,3,9.22,MX,clear sky
313,Ladario,-19.0047,-57.6017,93.69,30,39,2.53,BR,scattered clouds
314,Finschhafen,-6.6024,147.8681,78.37,83,76,3.69,PG,broken clouds
315,Caravelas,-17.7125,-39.2481,76.86,74,2,4.72,BR,clear sky
316,Dharchula,29.85,80.5333,66.31,45,41,7.43,IN,scattered clouds
317,Bonthe,7.5264,-12.505,81.34,77,49,10.13,SL,scattered clouds
318,Orange Cove,36.6244,-119.3137,80.67,24,0,5.59,US,clear sky
319,Arman,59.7,150.1667,31.95,73,6,6.22,RU,clear sky
320,Hami,42.8,93.45,60.19,16,0,5.1,CN,clear sky
321,Tuatapere,-46.1333,167.6833,58.39,75,100,12.1,NZ,overcast clouds
322,Westport,41.1415,-73.3579,66.27,28,39,10.0,US,scattered clouds
323,Miyako,39.6367,141.9525,45.03,71,100,9.73,JP,overcast clouds
324,Tezu,27.9167,96.1667,71.85,69,100,2.35,IN,overcast clouds
325,Chuy,-33.6971,-53.4616,58.48,65,100,4.79,UY,moderate rain
326,Sao Filipe,14.8961,-24.4956,72.34,75,83,8.41,CV,broken clouds
327,Pangnirtung,66.1451,-65.7125,25.65,91,100,4.9,CA,light snow
328,Buka,40.8108,69.1986,74.95,41,7,8.03,UZ,clear sky
329,Naze,28.3667,129.4833,63.3,75,100,12.93,JP,overcast clouds
330,Galesong,-5.3166,119.3661,75.22,82,75,3.85,ID,broken clouds
331,Abu Samrah,35.3029,37.1841,66.04,68,7,9.4,SY,clear sky
332,Manyana,-23.4,21.7167,65.95,39,2,10.94,BW,clear sky
333,Champerico,14.3,-91.9167,86.59,62,71,9.35,GT,broken clouds
334,Jiangkou,25.4872,119.1986,62.94,85,100,13.62,CN,overcast clouds
335,Niksic,42.7731,18.9445,50.67,82,2,3.76,ME,clear sky
336,Sangmelima,2.9333,11.9833,72.07,77,13,1.01,CM,few clouds
337,Sungaipenuh,-2.0833,101.3833,65.59,97,100,0.31,ID,overcast clouds
338,Yaan,7.3833,8.5667,85.71,55,100,8.81,NG,overcast clouds
339,Bara,10.3744,10.7288,84.88,47,91,9.51,NG,moderate rain
340,Pryshyb,47.2603,35.3228,51.64,55,99,9.64,UA,overcast clouds
341,Banff,51.1762,-115.5698,45.72,56,99,1.74,CA,overcast clouds
342,Shelopugino,51.6514,117.5599,34.84,41,100,4.0,RU,overcast clouds
343,Tiksi,71.6872,128.8694,34.25,89,100,17.16,RU,overcast clouds
344,Alekseyevsk,57.8406,108.3492,42.01,99,100,4.65,RU,overcast clouds
345,Novyy Urengoy,66.0833,76.6333,20.75,95,100,4.27,RU,overcast clouds
346,Watertown,42.3709,-71.1828,61.95,42,86,7.0,US,overcast clouds
347,Chifeng,42.2683,118.9636,44.24,22,98,4.92,CN,overcast clouds
348,Shache,38.4167,77.2406,66.7,17,100,4.9,CN,overcast clouds
349,Kuju,23.7167,85.5,82.04,55,70,8.84,IN,broken clouds
350,Raipur,21.2333,81.6333,91.4,12,5,8.37,IN,clear sky
351,Leh,34.1667,77.5833,43.25,65,93,2.73,IN,overcast clouds
352,Pimenta Bueno,-11.6725,-61.1936,87.19,60,64,3.51,BR,broken clouds
353,Atwater,37.3477,-120.6091,80.71,34,0,11.5,US,clear sky
354,Jieshou,33.2634,115.3611,49.33,47,98,6.64,CN,overcast clouds
355,Monrovia,6.3005,-10.7969,80.37,81,54,9.78,LR,broken clouds
356,Visnes,59.3556,5.2242,46.22,87,49,18.41,NO,scattered clouds
357,Talakan,50.3167,130.3667,38.41,75,100,2.73,RU,overcast clouds
358,Cascais,38.6979,-9.4215,70.95,50,0,12.66,PT,clear sky
359,Cabedelo,-6.9811,-34.8339,83.07,75,100,15.37,BR,overcast clouds
360,Irbil,36.1926,44.0106,71.35,43,27,8.84,IQ,scattered clouds
361,Dickinson,29.4608,-95.0513,89.08,75,24,7.0,US,few clouds
362,Puerto Madero,14.7208,-92.4215,84.4,84,75,5.75,MX,broken clouds
363,Vilyuysk,63.7553,121.6247,35.4,98,100,11.01,RU,light rain
364,Te Anau,-45.4167,167.7167,55.18,86,100,8.95,NZ,overcast clouds
365,Luau,-10.7073,22.2247,69.46,60,86,5.97,AO,overcast clouds
366,Grand Gaube,-20.0064,57.6608,74.37,80,3,3.0,MU,clear sky
367,Muncar,-8.4333,114.3333,76.78,89,56,2.06,ID,broken clouds
368,Magrath,49.4167,-112.8686,56.82,27,98,15.75,CA,overcast clouds
369,Havelock,34.8791,-76.9013,75.97,66,94,3.0,US,overcast clouds
370,Lavumisa,-27.31,31.892,61.5,81,0,6.4,SZ,clear sky
371,Jinchang,38.4953,102.1739,44.37,42,75,5.26,CN,broken clouds
372,Banjar,-8.19,114.9675,79.81,86,99,4.9,ID,overcast clouds
373,Broken Hill,-31.95,141.4333,53.83,67,0,1.52,AU,clear sky
374,Saint Andrews,34.0454,-81.1293,86.32,36,17,8.55,US,few clouds
375,Vila Do Maio,15.1333,-23.2167,72.25,79,100,13.6,CV,overcast clouds
376,Anadyr,64.75,177.4833,28.0,68,96,17.0,RU,overcast clouds
377,Calbuco,-41.768,-73.1273,52.0,73,98,4.29,CL,overcast clouds
378,Pereira Barreto,-20.6383,-51.1092,86.49,33,86,1.68,BR,overcast clouds
379,Ahipara,-35.1667,173.1667,58.68,87,9,6.42,NZ,clear sky
380,North Bend,43.4065,-124.2243,55.92,84,100,16.11,US,overcast clouds
381,Emerald,-23.5333,148.1667,62.35,84,78,3.85,AU,broken clouds
382,Zhenlai,45.8495,123.2973,36.32,53,69,8.46,CN,broken clouds
383,Tura,25.5198,90.2201,67.89,92,61,3.36,IN,broken clouds
384,Rodrigues Alves,-7.738,-72.6509,87.35,56,66,2.19,BR,broken clouds
385,Vestmannaeyjar,63.4427,-20.2734,46.51,85,25,18.23,IS,scattered clouds
386,Severo-Kurilsk,50.6789,156.125,34.41,82,100,7.09,RU,overcast clouds
387,Nador,35.174,-2.9287,62.85,82,0,2.3,MA,clear sky
388,Bonavista,48.6499,-53.1147,36.32,97,100,9.57,CA,light rain
389,Tabou,4.423,-7.3528,81.09,79,100,7.38,CI,overcast clouds
390,Candolim,15.5181,73.7626,82.54,77,0,10.18,IN,clear sky
391,Tenosique,17.4833,-91.4333,93.96,48,51,5.86,MX,broken clouds
392,Dubovskoye,47.4092,42.7575,54.43,56,100,3.87,RU,overcast clouds
393,Salinopolis,-0.6136,-47.3561,79.56,85,50,8.19,BR,scattered clouds
394,La Ronge,55.1001,-105.2842,40.86,81,100,5.75,CA,overcast clouds
395,Birao,10.2849,22.7882,88.45,30,92,2.71,CF,overcast clouds
396,Grindavik,63.8424,-22.4338,45.07,81,75,19.57,IS,broken clouds
397,Iqaluit,63.7506,-68.5145,25.7,73,100,8.01,CA,overcast clouds
398,Saint-Michel-Des-Saints,46.6834,-73.9159,48.94,59,100,7.78,CA,overcast clouds
399,Maxixe,-23.8597,35.3472,68.23,86,3,5.82,MZ,clear sky
400,Ulaanbaatar,47.9077,106.8832,42.37,50,98,3.69,MN,overcast clouds
401,Mandiana,10.6333,-8.6833,86.45,42,65,8.97,GN,light rain
402,Thornhill,55.2333,-3.7667,47.48,99,100,8.08,GB,moderate rain
403,Isangel,-19.55,169.2667,78.58,90,100,9.82,VU,overcast clouds
404,Narwana,29.6167,76.1167,92.71,11,14,4.72,IN,few clouds
405,Miranda,3.2499,-76.2281,84.33,77,99,0.74,CO,overcast clouds
406,Yulara,-25.2406,130.9889,60.26,51,100,12.8,AU,overcast clouds
407,Lorengau,-2.0226,147.2712,80.58,79,100,3.96,PG,overcast clouds
408,Puerto Maldonado,-12.6,-69.1833,85.6,58,100,1.14,PE,overcast clouds
409,Koygorodok,60.445,50.9968,30.09,96,100,5.95,RU,overcast clouds
410,Bilibino,68.0546,166.4372,7.38,93,67,2.51,RU,broken clouds
411,Ulladulla,-35.35,150.4667,50.67,74,2,3.62,AU,clear sky
412,Biga,40.2281,27.2422,58.05,90,100,12.26,TR,overcast clouds
413,Dekar,-21.5333,21.9333,69.26,38,63,4.43,BW,broken clouds
414,Abonnema,4.7084,6.7931,79.3,82,100,4.74,NG,overcast clouds
415,Vigrestad,58.5667,5.7,46.58,78,100,15.73,NO,overcast clouds
416,Opuwo,-18.0607,13.84,73.26,38,49,5.68,NA,scattered clouds
417,Tougue,11.4667,-11.6,73.63,72,95,4.45,GN,light rain
418,Jacareacanga,-6.2222,-57.7528,85.32,69,98,2.08,BR,overcast clouds
419,Constitucion,-35.3333,-72.4167,60.21,52,2,15.05,CL,clear sky
420,Kamiiso,41.8167,140.65,44.35,53,100,5.61,JP,overcast clouds
421,Rio Grande,-32.035,-52.0986,62.94,66,4,9.1,BR,clear sky
422,Novyy Nekouz,57.9029,38.07,30.65,67,10,5.79,RU,clear sky
423,Pontianak,-0.0333,109.3333,73.38,100,75,3.44,ID,broken clouds
424,Tubuala,9.5167,-79.0333,81.99,79,100,4.85,PA,overcast clouds
425,Maumere,-8.6199,122.2111,79.79,82,92,3.29,ID,overcast clouds
426,Mobaye,4.319,21.1786,69.89,95,100,2.77,CF,light rain
427,Port Lincoln,-34.7333,135.8667,58.5,84,22,8.32,AU,few clouds
428,Plastun,44.7561,136.2939,38.32,92,100,1.81,RU,overcast clouds
429,Chauk,20.8833,94.8167,87.01,52,36,4.74,MM,scattered clouds
430,Dasoguz,41.8363,59.9666,71.4,43,100,10.6,TM,overcast clouds
431,Naples,40.8333,14.25,63.75,48,0,3.0,IT,clear sky
432,Henties Bay,-22.116,14.2845,59.36,81,0,6.67,NA,clear sky
433,Verkhnyaya Inta,65.9811,60.3094,22.14,78,21,9.89,RU,few clouds
434,Homer,59.6425,-151.5483,42.69,78,100,12.66,US,light rain
435,Geraldton,-28.7667,114.6,55.81,71,0,11.5,AU,clear sky
436,Bocas Del Toro,9.3333,-82.25,81.66,79,100,10.51,PA,overcast clouds
437,Mazamari,-11.3258,-74.5308,77.04,91,35,2.01,PE,scattered clouds
438,Ewa Beach,21.3156,-158.0072,77.09,68,100,13.0,US,overcast clouds
439,Saint Marys,30.7305,-81.5465,82.06,61,75,12.66,US,broken clouds
440,Pomoryany,49.6409,24.9307,45.55,71,37,5.06,UA,scattered clouds
441,Pattoki,31.0167,73.85,88.54,17,0,7.47,PK,clear sky
442,Avera,33.194,-82.5271,83.55,40,7,6.91,US,clear sky
443,Bodden Town,19.2833,-81.25,82.98,76,16,7.0,KY,few clouds
444,Zhanaozen,43.3,52.8,60.48,71,98,1.59,KZ,overcast clouds
445,Roald,62.5833,6.1333,47.75,76,0,4.61,NO,clear sky
446,Sechura,-5.5569,-80.8222,80.06,56,85,11.99,PE,overcast clouds
447,Chadiza,-14.0678,32.4392,59.76,79,1,2.68,ZM,clear sky
448,Chengde,40.9725,117.9361,43.39,24,10,2.86,CN,clear sky
449,Mangrol,21.1167,70.1167,82.58,84,0,12.01,IN,clear sky
450,Humaita,-7.5061,-63.0208,80.29,80,97,2.98,BR,overcast clouds
451,Naryan-Mar,67.6713,53.087,19.4,94,100,10.42,RU,overcast clouds
452,Mazyr,52.0495,29.2456,41.95,60,18,4.41,BY,few clouds
453,Xichang,27.8964,102.2634,47.35,90,100,7.56,CN,overcast clouds
454,Leningradskiy,69.3833,178.4167,9.64,91,71,4.41,RU,broken clouds
455,Troitskoye,52.9821,84.6757,56.44,50,42,6.26,RU,scattered clouds
456,Were Ilu,10.6,39.4333,53.56,83,96,7.34,ET,overcast clouds
457,Samarai,-10.6167,150.6667,79.77,79,61,5.84,PG,broken clouds
458,Norilsk,69.3535,88.2027,15.6,93,99,8.1,RU,overcast clouds
459,Moron,-34.6534,-58.6198,59.97,49,97,1.63,AR,overcast clouds
460,Asau,46.4333,26.4,47.32,93,68,2.86,RO,broken clouds
461,Merauke,-8.4667,140.3333,79.56,86,100,11.72,ID,moderate rain
462,Kankon,15.0167,74.0167,81.81,80,8,7.23,IN,clear sky
463,Pedra Branca,-5.4542,-39.7172,79.5,61,100,3.42,BR,overcast clouds
464,Seymchan,62.8833,152.4333,18.88,93,68,3.49,RU,broken clouds
465,Golkoy,40.6875,37.6178,50.22,98,100,3.24,TR,overcast clouds
466,Saint-Francois,46.4154,3.9054,49.68,71,0,5.75,FR,clear sky
467,Richards Bay,-28.783,32.0377,66.15,77,9,9.37,ZA,clear sky
468,Osted,55.5623,11.9579,47.71,46,15,3.44,DK,few clouds
469,Kashi,39.4547,75.9797,60.44,28,81,5.12,CN,broken clouds
470,Sinnamary,5.3833,-52.95,82.27,72,46,9.33,GF,scattered clouds
471,Carauari,-4.8828,-66.8958,82.22,88,72,2.24,BR,broken clouds
472,Great Falls,47.5002,-111.3008,56.16,36,100,8.99,US,overcast clouds
473,Honningsvag,70.9821,25.9704,28.15,86,40,12.66,NO,light snow
474,Kamalia,30.7333,72.65,90.14,15,0,3.67,PK,clear sky
475,Inyonga,-6.7167,32.0667,68.31,83,99,3.15,TZ,overcast clouds
476,Sakakah,29.9697,40.2064,84.11,11,0,16.8,SA,clear sky
477,Hobyo,5.3505,48.5268,85.01,72,57,11.56,SO,broken clouds
478,Waddan,29.1614,16.139,82.36,15,65,22.93,LY,broken clouds
479,Labuhan,-6.8844,112.2051,79.23,89,100,8.5,ID,overcast clouds
480,Simao,22.7886,100.9748,60.35,92,46,2.55,CN,scattered clouds
481,Bowen,-20.0167,148.2333,69.93,90,5,9.93,AU,clear sky
482,Port Macquarie,-31.4333,152.9167,57.88,88,7,8.97,AU,clear sky
483,Dingle,10.9995,122.6711,76.75,86,100,5.93,PH,overcast clouds
484,Salcininkai,54.3,25.3833,42.89,64,13,5.77,LT,few clouds
485,Dunedin,-45.8742,170.5036,55.8,80,100,5.99,NZ,overcast clouds
486,Acapulco,16.8634,-99.8901,87.24,49,92,11.81,MX,overcast clouds
487,Mareeba,-17.0,145.4333,68.72,94,75,1.72,AU,broken clouds
488,Amapa,1.0,-52.0,78.4,94,59,3.09,BR,broken clouds
489,Itacoatiara,-3.1431,-58.4442,83.71,73,55,1.68,BR,broken clouds
490,Marienburg,54.0359,19.0266,54.57,58,100,6.02,PL,overcast clouds
491,Rincon,32.296,-81.2354,77.92,33,85,10.51,US,overcast clouds
492,Motatei,44.0833,23.2,51.89,75,3,6.89,RO,clear sky
493,Luba,3.4568,8.5547,80.98,82,16,3.44,GQ,few clouds
494,Solnechnyy,50.7214,136.6319,26.13,85,51,5.55,RU,broken clouds
495,Awjilah,29.1081,21.2869,80.47,20,11,8.81,LY,few clouds
496,Talaya,61.3833,152.75,13.33,97,100,2.82,RU,overcast clouds
497,Payson,40.0444,-111.7321,65.44,28,10,5.01,US,clear sky
498,Jojoima,7.8792,-10.7878,77.79,82,63,3.38,SL,broken clouds
499,Inhambane,-23.865,35.3833,69.17,85,3,6.26,MZ,clear sky
500,Celestun,20.8667,-90.4,83.61,69,27,12.03,MX,scattered clouds
501,Teguldet,57.3064,88.1667,44.53,89,100,9.04,RU,overcast clouds
502,Domvraina,38.25,22.9833,61.9,64,15,8.23,GR,few clouds
503,Ban Nahin,18.2418,104.2122,76.1,90,95,2.68,LA,overcast clouds
504,Hue,16.4667,107.6,78.91,94,75,1.14,VN,broken clouds
505,Chipinge,-20.1883,32.6236,59.76,64,0,2.82,ZW,clear sky
506,Weinsberg,49.1503,9.2883,51.28,100,100,3.51,DE,overcast clouds
507,Pailon,-17.65,-62.75,88.27,37,0,8.25,BO,clear sky
508,Rameshki,57.3439,36.0453,30.58,68,46,4.07,RU,scattered clouds
509,Tres Arroyos,-38.3739,-60.2798,57.42,37,3,9.4,AR,clear sky
510,Maarianhamina,60.0973,19.9348,33.66,93,0,1.14,AX,clear sky
511,Petropavlovsk-Kamchatskiy,53.0452,158.6483,30.79,69,40,4.47,RU,scattered clouds
512,Roma,43.2128,-75.4557,62.96,28,0,7.0,US,clear sky
513,Balgazyn,51.0,95.2,47.48,42,100,2.39,RU,overcast clouds
514,Dangriga,16.9692,-88.2321,82.38,74,57,11.61,BZ,broken clouds
515,San Bartolome De Tirajana,27.9248,-15.5733,58.32,73,20,25.32,ES,few clouds
516,Sistranda,63.7256,8.834,42.76,81,100,15.61,NO,light rain
517,Novoilinsk,51.6829,108.7143,46.85,67,100,3.42,RU,overcast clouds
518,Prince Rupert,54.3161,-130.3201,54.66,53,84,4.52,CA,broken clouds
519,North Vanlaiphai,23.1333,93.0667,57.27,98,41,3.58,IN,scattered clouds
520,Grootfontein,-19.5667,18.1167,69.17,40,85,3.36,NA,overcast clouds
521,Vao,-22.6667,167.4833,75.13,83,98,23.38,NC,overcast clouds
522,Luderitz,-26.6481,15.1594,58.8,66,0,17.2,NA,clear sky
523,Cartagena,10.3997,-75.5144,89.22,66,75,7.85,CO,thunderstorm
524,Ambovombe,-25.1667,46.0833,70.5,75,3,9.53,MG,clear sky
525,Dzaoudzi,-12.7887,45.2699,80.49,83,0,5.75,YT,clear sky
526,Kawalu,-7.3817,108.2082,72.28,96,99,2.66,ID,overcast clouds
527,Comodoro Rivadavia,-45.8667,-67.5,51.17,52,64,15.88,AR,broken clouds
528,Nybro,56.7446,15.9071,42.04,75,80,3.78,SE,broken clouds
529,Jingdezhen,29.2947,117.2079,54.97,96,100,3.4,CN,light rain
530,Saint-Augustin,51.226,-58.6502,38.88,88,100,15.93,CA,overcast clouds
531,Zunyi,27.6867,106.9072,51.33,95,100,2.93,CN,overcast clouds
532,Nuuk,64.1835,-51.7216,27.21,63,40,16.11,GL,scattered clouds
533,Manaure,11.7751,-72.4445,86.11,66,100,12.1,CO,overcast clouds
534,Mollendo,-17.0231,-72.0147,67.86,77,22,7.87,PE,few clouds
535,Wum,6.3833,10.0667,66.45,96,100,3.71,CM,moderate rain
536,Oloron-Sainte-Marie,43.1944,-0.6107,58.93,96,100,1.25,FR,overcast clouds
537,Areia Branca,-4.9561,-37.1369,82.9,73,99,11.01,BR,overcast clouds
538,Moosburg,48.4667,11.9333,52.5,76,20,3.44,DE,few clouds
539,Donnacona,46.6804,-71.7239,55.2,51,100,10.45,CA,overcast clouds
540,Tiarei,-17.5333,-149.3333,82.42,75,38,15.39,PF,scattered clouds
541,Launceston,-41.45,147.1667,57.79,90,100,13.8,AU,moderate rain
542,San Jeronimo,-11.9472,-75.2829,58.15,60,92,6.15,PE,overcast clouds
543,Vershino-Shakhtaminskiy,51.3012,117.8868,30.06,42,100,3.71,RU,overcast clouds
544,Tiebissou,7.1574,-5.2257,77.04,90,100,7.96,CI,light rain
545,Oriximina,-1.7656,-55.8661,81.95,87,62,2.89,BR,broken clouds
546,Seoul,37.5683,126.9778,49.44,50,15,2.71,KR,few clouds
547,Fukue,32.6881,128.8419,59.76,71,100,17.69,JP,overcast clouds
548,Berlevag,70.8578,29.0864,28.4,74,94,14.56,NO,overcast clouds
549,Lazaro Cardenas,17.9583,-102.2,83.8,52,38,10.25,MX,scattered clouds
550,Santa Isabel Do Rio Negro,-0.4139,-65.0192,74.43,97,99,2.17,BR,overcast clouds
551,Suffolk,40.8668,-72.7996,65.03,27,0,12.66,US,clear sky
552,Simbahan,6.3032,120.5836,82.9,76,100,9.06,PH,overcast clouds
553,Zychlin,52.244,19.6261,45.36,58,100,4.68,PL,overcast clouds
554,Kumluca,36.3703,30.2869,67.89,70,97,2.1,TR,overcast clouds
555,Aklavik,68.2191,-135.0107,35.33,100,97,10.83,CA,overcast clouds
556,Dali,25.7,100.1833,58.19,71,98,4.14,CN,overcast clouds
557,Huancavelica,-12.7667,-74.9833,48.51,53,76,9.44,PE,broken clouds
558,Linxia,35.6003,103.2064,38.28,77,100,2.26,CN,overcast clouds
559,Adwa,14.1646,38.8955,71.17,54,52,9.08,ET,broken clouds
560,Alyangula,-13.8483,136.4192,80.6,69,72,10.89,AU,broken clouds
561,Omboue,-1.5746,9.2618,79.38,91,100,7.4,GA,overcast clouds
562,Wajid,3.8093,43.2471,76.48,80,100,11.65,SO,light rain
563,Krasnoselkup,65.7,82.4667,19.6,95,99,14.2,RU,light snow
564,Kheralu,23.8833,72.6167,84.31,51,0,8.25,IN,clear sky
565,Makat,47.6469,53.3463,56.17,76,35,21.0,KZ,scattered clouds
566,Makakilo City,21.3469,-158.0858,75.69,68,100,19.51,US,overcast clouds
567,Bahia Blanca,-38.7196,-62.2724,60.53,38,2,10.98,AR,clear sky
568,Ust-Kut,56.7938,105.7672,40.48,98,99,4.16,RU,overcast clouds
569,Aguimes,27.9054,-15.4461,65.66,64,20,25.32,ES,few clouds
570,Zeya,53.75,127.2667,29.16,60,88,3.22,RU,overcast clouds
571,Lubbock,33.6001,-101.8338,75.45,14,20,5.75,US,smoke
572,Kargil,34.5667,76.1,44.92,53,94,4.76,IN,overcast clouds
573,Teknaf,20.8624,92.3058,76.57,93,33,5.12,BD,scattered clouds
574,Houma,29.5958,-90.7195,88.0,62,0,11.5,US,clear sky
575,Raudeberg,61.9875,5.1352,43.47,85,90,3.83,NO,overcast clouds
576,Kucove,40.8003,19.9167,58.48,83,34,3.04,AL,light rain
577,Vostok,46.4856,135.8833,34.84,79,100,3.78,RU,overcast clouds
578,Dax,43.75,-1.1667,57.94,93,100,3.44,FR,overcast clouds
579,Itamaraca,-7.7478,-34.8256,78.85,72,100,11.72,BR,overcast clouds
580,Sisimiut,66.9395,-53.6735,26.51,54,2,3.8,GL,clear sky
581,San Quintin,30.4833,-115.95,67.35,62,62,13.87,MX,broken clouds
582,Abha,18.2164,42.5053,67.24,40,34,9.37,SA,scattered clouds
583,Lar,26.2039,83.9717,79.39,57,0,14.79,IN,clear sky
584,Agadez,19.75,10.25,90.07,7,100,10.25,NE,overcast clouds
585,Torbay,47.6666,-52.7314,44.76,94,100,4.59,CA,light rain
586,Korla,41.7597,86.1469,58.51,29,5,3.67,CN,clear sky
587,Plouzane,48.3833,-4.6167,50.32,87,0,6.91,FR,clear sky
588,Piacabucu,-10.4056,-36.4344,77.49,81,100,7.9,BR,overcast clouds
589,Reftinskiy,57.0901,61.6769,34.83,58,21,5.03,RU,few clouds
590,Staraya Poltavka,50.4772,46.4814,52.97,56,79,7.92,RU,broken clouds
591,Straumen,63.8709,11.2999,41.0,84,58,6.46,NO,broken clouds
592,Karratha,-20.7377,116.8463,75.67,52,88,12.5,AU,overcast clouds
593,Kruisfontein,-34.0033,24.7314,52.88,86,7,6.93,ZA,clear sky
594,Cayenne,4.9333,-52.3333,86.04,26,40,11.5,GF,scattered clouds
595,Nalut,30.3333,10.85,76.62,16,100,13.42,LY,overcast clouds
596,Byron Bay,-28.65,153.6167,63.95,88,100,11.41,AU,light rain
597,Villaviciosa,43.4813,-5.4357,59.0,92,100,3.27,ES,overcast clouds
598,Shu,43.5983,73.7614,63.21,66,1,8.48,KZ,clear sky
599,Terney,45.0503,136.6092,39.06,91,100,6.87,RU,overcast clouds
600,Aquin,18.2833,-73.4,80.13,70,90,2.98,HT,overcast clouds
601,Temba,-25.3803,28.2631,62.1,50,22,5.12,ZA,few clouds
602,Rongcheng,30.634,117.8517,52.48,97,100,1.88,CN,light rain
603,Marystown,47.1666,-55.1483,45.05,81,100,7.83,CA,overcast clouds
604,Hofn,64.2539,-15.2082,47.44,83,16,9.48,IS,few clouds
605,Salalah,17.0151,54.0924,83.89,76,11,5.66,OM,few clouds
606,Nyurba,63.2842,118.3319,34.93,99,100,6.8,RU,overcast clouds
607,Pierre,44.3683,-100.351,50.05,85,100,28.77,US,overcast clouds
608,Krasnoarmeysk,51.0239,45.6969,47.66,57,100,9.13,RU,overcast clouds
609,Luebo,-5.35,21.4167,71.47,92,35,1.77,CD,scattered clouds
610,Wardenburg,53.0667,8.2,50.27,91,11,6.06,DE,few clouds
611,Kuah,6.3265,99.8432,84.54,73,92,5.35,MY,overcast clouds
612,Shumskiy,54.8318,99.1328,49.75,70,61,5.3,RU,broken clouds
613,Graciano Sanchez,23.9167,-99.2833,92.35,42,10,3.15,MX,clear sky
614,Singaraja,-8.112,115.0882,81.63,82,99,8.34,ID,overcast clouds
615,Seredka,58.1584,28.1858,35.35,59,73,4.74,RU,broken clouds
616,Mitsamiouli,-11.3847,43.2844,79.9,80,16,9.31,KM,moderate rain
617,Praia Da Vitoria,38.7333,-27.0667,64.76,85,66,3.36,PT,broken clouds
618,Buenos Aires,-34.6132,-58.3772,59.95,48,100,1.01,AR,overcast clouds
619,Aleksandrov Gay,50.147,48.5704,54.46,63,100,7.87,RU,overcast clouds
620,Kieta,-6.2167,155.6333,78.4,82,100,3.15,PG,light rain
621,Dongsheng,39.8161,109.9776,42.53,21,0,16.53,CN,clear sky
622,Smithers,54.7804,-127.1743,49.64,61,100,1.63,CA,overcast clouds
623,Fare,-16.7,-151.0167,81.18,72,1,15.3,PF,light rain
624,Woodward,36.4337,-99.3904,74.43,31,0,14.97,US,clear sky
625,Farrukhnagar,17.0778,78.2011,83.91,20,100,5.82,IN,overcast clouds
626,Burns Lake,54.2331,-125.7533,49.14,50,100,6.87,CA,overcast clouds
627,Kuminskiy,58.6667,66.5667,31.69,57,3,2.95,RU,clear sky
628,Athabasca,54.7169,-113.2854,50.45,49,99,5.06,CA,overcast clouds
629,Pathalgaon,22.5667,83.4667,85.89,14,98,7.61,IN,overcast clouds
630,Aleksandrovsk-Sakhalinskiy,50.8975,142.1561,31.19,97,100,5.7,RU,light snow
631,Motygino,58.1831,94.7592,46.18,94,100,3.18,RU,overcast clouds
632,Catamarca,-28.4696,-65.7852,71.78,45,2,4.0,AR,clear sky
633,Rupert,42.6191,-113.6772,63.18,29,75,11.5,US,broken clouds
634,Aripuana,-9.1667,-60.6333,81.72,71,100,0.56,BR,overcast clouds
635,Mayya,61.7333,130.2811,22.32,88,57,4.45,RU,broken clouds
636,Alice Springs,-23.7,133.8833,56.75,72,40,8.05,AU,scattered clouds
637,Bumba,2.1833,22.4667,70.79,97,100,5.3,CD,moderate rain
638,Mbuji-Mayi,-6.15,23.6,71.69,92,89,1.99,CD,moderate rain
639,Kommunisticheskiy,61.6789,64.4819,33.06,62,89,10.74,RU,overcast clouds
640,Trinidad,-14.8333,-64.9,88.11,47,8,1.95,BO,clear sky
641,Kizilskoye,52.7255,58.8937,47.39,70,100,7.38,RU,overcast clouds
642,La Rioja,42.25,-2.5,53.38,87,97,3.09,ES,overcast clouds
643,Yantal,56.8471,105.2542,42.48,96,99,4.72,RU,overcast clouds
644,San Julian,21.0167,-102.1667,84.06,11,11,7.09,MX,few clouds
645,Camacha,33.0833,-16.3333,60.22,88,20,14.97,PT,few clouds
646,Goderich,43.7501,-81.7165,54.09,46,100,12.8,CA,overcast clouds
647,Cananea,30.95,-110.3,78.84,8,7,7.94,MX,clear sky
648,Bima,-8.4667,118.7167,75.92,92,83,2.08,ID,broken clouds
649,Sao Joao Do Piaui,-8.3581,-42.2467,90.72,29,97,8.79,BR,overcast clouds
650,Linqiong,30.4159,103.4609,53.94,83,100,11.36,CN,overcast clouds
651,Quesnel,52.9999,-122.5029,56.43,39,100,3.76,CA,overcast clouds
652,Jos,9.9167,8.9,76.91,48,100,4.21,NG,light rain
653,Vanavara,60.34,102.2797,37.87,96,100,4.88,RU,light rain
654,Matamoros,25.5333,-103.25,91.94,8,2,2.51,MX,clear sky
655,Kingman,35.1894,-114.053,86.13,1,22,1.99,US,few clouds
656,Maragogi,-9.0122,-35.2225,78.12,78,99,8.03,BR,overcast clouds
657,Glendive,47.1053,-104.7125,61.48,40,40,13.8,US,scattered clouds
658,Oneonta,42.4529,-75.0638,61.29,26,6,10.09,US,clear sky
659,Mandya,12.5242,76.8958,78.35,70,66,9.42,IN,moderate rain
660,Ban Bung,18.3081,100.7044,74.39,87,100,0.74,TH,overcast clouds
661,Murom,55.5656,42.0417,31.62,67,8,6.13,RU,clear sky
662,Perth,-31.9333,115.8333,56.66,84,0,6.91,AU,clear sky
663,Cutervo,-6.379,-78.8157,58.46,77,92,6.73,PE,light rain
664,Coquimbo,-29.9533,-71.3436,63.97,68,0,5.99,CL,clear sky
665,Bathsheba,13.2167,-59.5167,81.34,67,95,14.45,BB,overcast clouds
666,Severnyy,50.677,36.5532,48.24,53,0,6.71,RU,clear sky
667,Sabang,5.8933,95.3214,84.02,75,100,8.1,ID,overcast clouds
668,Limni,38.7667,23.3167,59.74,78,37,4.76,GR,scattered clouds
669,Bardsir,29.9227,56.5743,60.71,39,2,6.4,IR,clear sky
670,Sanchor,24.7553,71.7722,84.61,61,0,12.44,IN,clear sky
671,Savannah Bight,16.45,-85.85,81.7,78,1,20.56,HN,clear sky
672,Kontagora,10.3999,5.4695,82.89,55,84,8.25,NG,light rain
673,Panji,-7.7253,114.0995,76.55,88,36,5.06,ID,scattered clouds
674,Montrose,38.4166,-108.2673,51.44,18,2,3.49,US,clear sky
675,Maxcanu,20.5833,-89.9833,99.54,29,37,2.89,MX,scattered clouds
676,Pafos,34.7667,32.4167,69.58,68,0,12.66,CY,clear sky
677,Hatillo,18.4863,-66.8254,82.02,87,100,10.0,PR,overcast clouds
678,Mogadishu,2.0371,45.3438,83.28,77,100,12.26,SO,light rain
679,Concordia,-31.393,-58.0209,56.5,70,99,7.05,AR,overcast clouds
680,The Pas,53.8251,-101.2541,49.75,70,100,5.79,CA,overcast clouds
681,Okhotsk,59.3833,143.3,31.93,90,50,6.78,RU,scattered clouds
682,Nelson,-41.2833,173.2833,57.69,88,97,3.0,NZ,overcast clouds
683,Toribio,2.9548,-76.2684,67.75,79,100,4.25,CO,overcast clouds
684,Aykhal,66.0,111.5,12.74,93,100,25.48,RU,light snow
685,Todos Santos,23.45,-110.2167,73.58,50,91,9.55,MX,overcast clouds
686,Teahupoo,-17.8333,-149.2667,76.96,75,64,14.7,PF,light rain
687,Charlestown,-32.95,151.6667,58.73,81,11,1.01,AU,few clouds
688,Dauriya,49.9333,116.8667,37.8,35,100,4.99,RU,overcast clouds
689,Mantua,45.1667,10.7833,63.64,64,80,2.15,IT,broken clouds
690,Tchollire,8.4022,14.1698,75.13,73,100,10.29,CM,overcast clouds
691,Newport,51.5877,-2.9984,55.69,66,100,6.4,GB,overcast clouds
692,Anloga,5.7947,0.8973,83.39,74,22,11.12,GH,few clouds
